0,1,2,3,4,5,6,7,8,9,10,11,12,13,14,15,16,17,18,19,20,21,22,23,24,25,26,27,28,29,30,31,32,33,34,35
,,,0.8837800816614063,0.0258729651249025,0.03729801961017685,0.9607992289383233,9.767351678681726,634.2449283267654,0.775658337740887,7655714.165076006,0.7367878145208349,0.7446395031493102,5.860970819553676,4.107561993319009,1.9402425038930977,119919.84622427706,0.7770981783389618,141250.6147131131,0.6432764293047107,0.24061124441162907,5.421738794799254,231939.20156184083,0.7561693379700732,0.0034422472028831285,6.980228935487167,0.6207293870038749,249.79417019747385,0.7900666570393755,27.111567522364812,16.621150374644994,17.228959279974635,-9.73315603619828,0.23338071935318253,0.6471395319335511,-0.20283238775110365
,,,0.9259398167074115,0.03995542108646201,0.03982956419214967,0.9683452280393242,6.31150109368281,413.0932422435822,0.7843641452597818,7635996.288098981,0.6256510332811096,0.6591418907280082,6.319648265240292,4.146144619915199,2.0843465168992146,130899.47185061354,0.7032963779619374,150004.16455409242,0.7221885105702757,0.2503360250090416,5.899886152635315,179329.7049932965,0.6785341411744646,0.00039601053861980395,10.262592810400676,0.5705841219894183,258.5049792910521,0.6549440694734613,29.094626449300307,15.52634987076578,25.838854946412567,-10.067099713903799,0.12042592705313883,0.604800035684451,-0.12821684488489843
,,,0.8924298763556172,0.0330252060319793,0.03191146333138513,0.9776666663279908,5.469482072987172,682.8063557987653,0.7425928367097943,7024114.502363291,0.6969111133664712,0.781614893666819,5.125143015218747,2.8375013211180184,1.9646379283753908,161797.6000731706,0.6600212967622843,159433.6468126115,0.6441631400537421,0.13459450931100464,4.925391431396697,202970.8202557385,0.6809941429757084,0.0006288069148192172,4.597755769848809,1.7321561516552941,264.58549226635586,0.6262273776525382,29.57333615147321,17.470256693614054,20.099830884001108,-11.657061866966535,0.21796742748557257,0.7205233694453953,-0.2715541157879888
,,,0.810143675573857,0.024928912763855,0.02872904056204515,0.9576307073495172,5.144154728887983,569.7222970921636,0.6376527779152111,7396331.175749176,0.7103354330692321,0.7011862718182857,7.417357214415144,5.763377245612953,2.1771760635692328,131868.75286339293,0.7742592766515456,164851.45554266847,0.6692600331007591,0.2257293163054209,5.819843019140022,241175.48495013558,0.7612166210179419,0.003367011405440751,4.1162979380280404,1.614833086633955,320.75571925505983,0.6797160835428673,31.763749880293418,15.962634276817838,23.933972827254127,-9.191996735522917,0.21507387118265653,0.710703246542971,-0.387408307859987
,,,0.837555950313725,0.04162419809663091,0.033918388382345635,0.9799635861863643,6.794498478555584,591.5336482741575,0.6336224775610217,6928643.316638888,0.6014858533573378,0.7663131680618304,7.795783530444851,3.165558733021615,2.4366004195786775,138597.72751674958,0.7453568137250877,163924.5397641738,0.6743021980313244,0.19708335079854264,5.286764156016826,186827.8531896717,0.6710832580866573,0.0042820554391948176,8.594083577744403,0.45801683533529514,279.43773833133423,0.7055118734225652,30.264527775532358,16.359221921574306,21.6046677087339,-9.279233565553056,0.11688658925847024,0.682239532662308,-0.2970957697659977
,,,0.8472075925729383,0.04832068192555423,0.02499035312986982,0.986167430209224,9.61416113506179,837.3332790871686,0.6947182073462908,7515424.562555982,0.7857956468903712,0.8425221051985761,5.985461746315184,5.595625828161805,1.724735596983733,163920.80138960964,0.6012907348283113,146341.6623280343,0.7158023758637245,0.11033034997764404,4.8050454314518305,190407.0614936984,0.6493088847326458,0.0007567570306196428,9.801861409190138,1.2226582545895597,241.0250196955563,0.6218547032230927,27.58267276483963,17.026436167729422,16.815045301389777,-11.269643453225864,0.16507796020053345,0.603158694455171,-0.10014893830601257
,,,0.8847050811656255,0.035107177326052584,0.03876915773105094,0.9876029757286544,8.264283339081574,420.00410289439174,0.6162683749305194,6711249.014513392,0.7621486772864161,0.8337202472561429,8.623049483735151,3.6123581133117226,2.2767139798048257,135183.70372049868,0.7505796252954597,129046.33287275326,0.7914365214390049,0.33315768508909216,5.597305828693647,244556.86990037834,0.7409687835680525,0.0009659889674846795,6.210387508015794,1.504361841132458,397.52077999190067,0.7483540892608589,30.510691986437983,17.62882974789557,23.14678738099716,-10.619842070665225,0.26497085994719427,0.7989552202003147,-0.2633717825124674
,,,0.8643468825695222,0.03160264879804091,0.03651851542057309,0.9629932049814848,9.138198004546295,575.9618266940238,0.6303748231318057,6614996.289027222,0.7328141420899272,0.7975160960359149,9.132756629392212,4.809893152003816,2.5374187949700286,123673.02959507942,0.659405937797256,171914.96425409493,0.7849134224567155,0.4824898444672109,4.584198000525908,194767.21057711367,0.6246762309965348,0.0029934458334087296,9.149277399274183,1.8032528351690902,315.4850874038005,0.7824359964442078,30.750475432356556,15.449610550959637,26.566936955304364,-9.45294578081441,0.2479666922113267,0.65850084613543,-0.06751568518066586
,,,0.9165183823147225,0.020851069698305275,0.041631011407946686,0.9568077785372828,6.195681467059088,589.1594300395406,0.7190881271438894,6737927.025618664,0.6086230064914621,0.7353389819791406,5.620989284230499,3.895159715489423,2.1086344578735883,148886.7874661081,0.6824367815655733,145372.84912531156,0.6328804393200766,0.3657811938818143,5.066379602324983,228342.48391916513,0.6630994336087278,0.0006603086668798847,3.513782276900889,0.2431578270903133,338.65259131759933,0.6891528478737925,27.969709113826077,17.4123220910814,22.11400217043876,-10.47885403610767,0.24078961493492215,0.7799455286865156,-0.15734340887340947
,,,0.8526219047262408,0.027505123334898626,0.03569512169509996,0.9551039679618077,7.032997489529028,552.8793409409323,0.7313128510315464,7332569.698768482,0.7995216876114944,0.7786179035022,9.349187595946082,4.681587072238295,2.131684648543544,125234.37612125532,0.6754126919145869,121316.46682452247,0.7568046918684557,0.1777392284432417,4.496071746813334,182903.6411412317,0.6405188250319601,0.0013717842375308377,11.04361820320749,0.7943026151592065,297.36684751736675,0.7166412361580623,29.158682044507355,15.04423366063499,22.876142224557007,-11.486705409970476,0.1503020808678645,0.6741343589204416,-0.1427604657172965
,,,0.8562396787479037,0.037086052325305,0.03128761582602547,0.9623587881824021,8.79621859094918,601.8552597525772,0.7966821215575751,7235707.684794221,0.6737348948113256,0.6840298506433548,5.3019610532474255,3.4398395062477647,2.1511263305638195,170942.13415253954,0.7530583884475242,147429.65966848008,0.66368999558521,0.2915463871779652,4.436359235676594,233547.8926326828,0.6538150150410014,0.0017592217595235437,9.933614882978985,0.5296656265352793,346.7347981828985,0.666178125171618,31.28327790710233,16.18198278462926,17.53445795130793,-10.908717534444673,0.28770105856662787,0.7404524230260069,-0.32120772389373226
,,,0.8705136820773248,0.03816240476357917,0.03447956239444809,0.9827845185756512,7.7901485851100745,826.5167979487843,0.6635896762003127,7697508.439599418,0.6136483744385302,0.8614474893255986,9.767136800889679,6.263352250119987,2.4219762469260573,167543.4883466514,0.6940780074190599,138322.00150658956,0.7674106646124069,0.304222177672551,5.865517219583187,188513.12571629605,0.6300277204643088,0.004341636307728026,5.669445034700649,1.9881550895414881,232.07873286152565,0.7741292410535197,30.107227170901133,15.31477624404619,16.98120087660026,-11.948420067140011,0.13658758627551112,0.735313094259264,-0.027827203896071018
,,,0.9001235302844958,0.022417502401144446,0.03934003776167488,0.9782802178965354,5.227038323531065,747.1260140729839,0.6106245843673898,7279808.584690138,0.6761424486010914,0.7583206286964168,7.052315814981764,6.45396810050941,2.466942194068776,129703.33223734623,0.7818021461562683,154096.48265472325,0.7470995337290118,0.2323202335380855,5.350766794780943,228797.4131027333,0.6747495596507429,0.0032881240808587194,5.415464864877414,1.5591417566398913,302.94257064004546,0.7923034865648962,31.06907010394992,15.654204465351768,15.5430120552048,-10.544534687062313,0.27588341679147077,0.6770074134493829,-0.20853378870096748
,,,0.89526156226171,0.029363060973342292,0.03527202236336249,0.963961746351488,8.980354177682642,436.8803051895198,0.6235274192032827,7030970.577398542,0.6459919052103495,0.707132959505272,5.5898638928301105,5.323008751961458,2.7035437367270285,146197.98572713474,0.6480465795980124,134510.11782811303,0.6015709404568969,0.4396882685447825,5.374742498761108,224351.9588010341,0.698533133929332,0.0018684168709331372,9.514918912120212,0.38397419243299763,385.94806416206495,0.6467928618139779,28.953402773038473,17.34626228748497,25.56942073273704,-9.106414223694742,0.2957899089375825,0.6271092085925757,-0.16155186796317547
,,,0.8078872583605027,0.04603744689790842,0.043110272532868005,0.9685068124410823,5.999560420180351,793.1931688002137,0.6259411228684407,7174525.489263576,0.686216678886444,0.7244455967786373,8.716439268432842,6.127060453094206,2.1842806425535635,126496.37478295932,0.634227248572563,153141.47569912398,0.778017522817195,0.4866071211471491,4.198400475232765,203679.1765662743,0.7552428826917807,0.0036689710689381864,5.93127348178991,0.9008408868333442,335.25272858913786,0.6824950887626035,28.137916086397993,16.55896129437548,16.513306614371636,-11.611157156610938,0.13553828794823305,0.7878284283840002,-0.3784562256498107
,,,0.8336390572523373,0.03877920329443253,0.025858166287768495,0.9500383661859495,8.625266300217127,882.5220240215933,0.7901681333803888,6886610.633041499,0.7662353634838187,0.6692261277908037,8.880410924606114,4.415326514994672,2.02329505242645,117755.32860208838,0.6106460972965847,167885.38388823014,0.7058573269791806,0.15180524024739933,5.792818451606332,169120.1258178153,0.7321790057357049,0.004514893255828387,7.950929523292797,1.3545513812235754,307.8185506080259,0.708756069130986,29.734027498223405,15.111614868658648,19.73870488296081,-10.170068938575344,0.15285822608532001,0.6427871820558574,-0.22395979597307752
,,,0.9222399327493715,0.03132016462569831,0.04666839945599971,0.9514203276116739,8.443677716932331,809.5591879996205,0.6676761531081147,7362833.175221479,0.6188281246772915,0.7876271599915483,6.179196101446672,3.0797222236188904,2.5671959827722475,162641.19279996215,0.6903676576176763,161019.34091492996,0.6770135924302375,0.27282246025813406,4.074157938520582,246286.5699240109,0.7211857628991176,0.003594696751630228,8.315639542681172,0.9775345680395122,207.70315419797828,0.7218777394486162,28.66208326327742,15.821273918728744,17.651404261729706,-11.807094886272894,0.20653622022404394,0.6903841206437992,-0.14857741234689403
,,,0.904622262976649,0.0474480459846789,0.029473918772621323,0.9856565465400575,8.352018073656676,509.2329950826993,0.6075996381734187,7422735.8037108295,0.6927099273399641,0.688457527729068,6.012718118921689,3.8418648735172702,2.5044422646309803,159553.5590469424,0.6429451195951337,136534.86766620303,0.7740201121845951,0.31588793257736525,4.28688777069703,198481.02753395162,0.7251205364751016,0.0020666189739391647,6.745004548759422,1.0735185547254673,271.6370601738214,0.6708812916659143,30.689099537464426,17.93632499329679,19.13263086780116,-10.663688356396445,0.11504356589184496,0.6658415447027002,-0.23842010974678374
,,,0.8269121855876138,0.024114659329023465,0.022171007784227276,0.973808563844835,7.829493113580387,814.5731660989281,0.7337926434934761,6580419.95801056,0.7530088925369225,0.8594167485051105,5.439855922414413,3.5470101606536564,1.8902797732444154,115410.35111617469,0.6062853581138122,125294.7047515692,0.752121986191411,0.4035021164745458,5.610838528314849,226763.74571851722,0.7005840676223685,0.0027872048817443014,8.90244349025742,0.29099448044619347,222.04867982373554,0.7861177429621652,31.94961759261011,15.943338670099422,25.009495799647627,-10.849817685650684,0.2119441117127857,0.7814576394639816,-0.34471361671160905
,,,0.9307488879395694,0.03589698967682748,0.024267859843654295,0.9533198902391092,6.501526483964603,878.4619386615436,0.6890976505265427,6640510.80065118,0.7472429218609217,0.8674785850503914,7.217015264114451,6.570696716237601,1.7077052055151956,158106.48097937595,0.612267001019403,128307.78421302495,0.7165272414939898,0.28289722366634495,5.9314250639873425,213872.9245435422,0.6331567130154258,0.0013098135705645214,10.484645980296824,1.1186285963378344,217.44056845655575,0.7615819563047344,28.78247231640769,16.751427419821802,15.90783637507749,-9.91689238930061,0.24872169528832547,0.7734120190038873,-0.046603328122589105
,,,0.8541589306137216,0.024278558751276068,0.026093798863035703,0.9528574630169461,6.822012924419752,484.523234776343,0.7615726817382571,6999888.357934703,0.7437886824673736,0.6715662537024442,8.025472050045755,6.4725421516070565,2.248176167113779,132756.13157929046,0.736465782096339,156613.4414111377,0.6835463583846758,0.39511304428563887,4.850836368929874,205465.3607258173,0.6172390612565716,0.0021497564312890588,7.280541387005786,1.457276756462977,325.8601412989227,0.6132893538323237,29.840215638184397,16.40652936828677,19.42927641841486,-10.753794658124756,0.2270641035980772,0.6105454908228384,-0.36571151958672576
,,,0.8199022948547103,0.03421773286167276,0.02746222023526986,0.9726029139794731,5.728193688434176,644.2438901807251,0.765551057314119,6949039.989265099,0.7805437309894694,0.8037683306895479,8.526324617483054,3.267438710298509,2.516947447068495,141393.933201321,0.6463858983101758,122802.27753281435,0.6950067190681257,0.4957427934663363,5.154216326484171,222994.07645572364,0.6380875378477099,0.004493582823510382,6.454519222492861,0.687766996012474,226.75958401325343,0.6864415754665762,31.410239446279316,16.4442901814599,24.527537841234874,-10.952260290152443,0.2773552046797084,0.663005092467751,-0.123865305858124
,,,0.8897950084296952,0.04532364426796231,0.04483813363585343,0.96698244945352,7.244359970131819,461.56762947599293,0.7771474674999312,6818071.332988217,0.6299905982180208,0.8961003312739235,9.255623639402577,4.837920231383336,2.7487732597601826,160457.49713108645,0.7930999167678946,169507.74112726413,0.7376914736362363,0.2972595546174197,5.161275391808344,176138.63701400618,0.7666548179157051,0.0009030062009090884,9.309011614876793,0.5089879452698594,239.53599110748473,0.643756434793241,28.206150573645864,17.123379445337285,20.373108520477174,-10.697154778638899,0.10470250586227202,0.6387140682779376,-0.10989309104801537
,,,0.8800490208631752,0.02686473780145503,0.04804612656178238,0.9892092208112424,9.91711024784134,674.2640605649198,0.7130743184173319,6519755.696340054,0.7288567050109584,0.7319426557400303,7.341141093176047,4.443643173939212,2.6240959107590447,145752.2497786404,0.7883185805161391,123301.412928227,0.7940686014491356,0.3871605337834897,4.083043999559231,195734.85066118813,0.7175244020544472,0.0011814437890333967,7.657254088074247,0.7184595125275177,284.8279452120005,0.6586869793619099,27.80513343713237,17.08449618118423,18.39837917880579,-11.535843876483753,0.18568550776485543,0.6687936404047743,-0.19832108258176706
,,,0.8490578349904555,0.04643900047336934,0.032948442283878415,0.9581042725788552,9.587325435669168,845.3741693859981,0.7834442517459189,6384571.24509927,0.7042402926734199,0.754328636185534,6.69477328040063,5.520525398438158,1.764342324318914,153031.12563028716,0.7257184109737942,144245.28477604286,0.65747999554384,0.4711436061199309,5.250956594825196,250232.0866512049,0.7068778809252535,0.0026420511831742443,3.9135998088772985,1.9621668657145814,291.6727726338468,0.7562989836145453,28.038015014195768,16.22318660105585,16.055555878445496,-9.891703468339331,0.18317534364859447,0.7259759487205739,-0.17920720539917798
,,,0.8608781628255392,0.02169518504145379,0.02023287984860135,0.9814474144891997,6.970491113273134,860.2250432742869,0.7082794476827386,6848925.691503237,0.6533020133525045,0.8086221117013466,8.4126370141947,6.177543103549646,2.714475090931238,140883.48149401558,0.6542172903923347,167089.25172190205,0.7309631194686428,0.17169409982676376,4.007994918985978,200178.7019038008,0.7373446613543184,0.0048952877928522195,11.32440391735392,1.775978692739826,255.26072092787956,0.7458427398939286,27.433723775083585,17.71981765052809,16.339192276848756,-11.282029318509927,0.1898593992148162,0.6231665602887322,-0.055288563817959824
,,,0.9134272594280111,0.0374755643846285,0.022502456170070233,0.9804935030084727,7.408520047755966,514.441130051754,0.7467104447283984,6671756.712568349,0.7565747505007369,0.8770190550262376,7.59736921348502,4.020723163977733,2.6040874530632463,122482.65212611337,0.7573149839533985,118998.9462243703,0.7511367487169284,0.34332628849655344,4.649274384555314,180932.36110202808,0.685161134709259,0.002302751752209031,10.14515741093239,1.8662745904509024,295.91542406071295,0.7555632965260426,30.971793702362255,16.955721343350618,25.54753278764469,-11.830738083174214,0.2821500924008122,0.7899028163127563,-0.39953465793023263
,,,0.8879828482120864,0.03254185850422959,0.044136102261395305,0.9595886867523287,7.165009245113993,547.8135621839521,0.6686912802058258,6380145.377660313,0.750839732293737,0.8710737225120418,6.223063864021427,4.931662446913654,1.8173261679271493,149588.8127086648,0.6268817348089031,165631.7127985753,0.6550531407608127,0.43280866132314577,4.471917727570132,240196.80527037958,0.7941647522234281,0.004624594431710592,11.893700628772915,1.5983915450879445,231.52100709312674,0.7003778497032044,28.57428215015849,16.312332271739933,17.89650022850128,-9.40773099232825,0.2719806376408005,0.630146493118942,-0.24502203763851144
,,,0.8655146440990614,0.030118538361356938,0.023945300611081435,0.9542469061188191,8.565365647640562,706.8004605637427,0.6453780235735762,6335936.912179395,0.7941349016546858,0.8217798419541612,5.777287393638185,3.2985334331219685,2.3682184582928594,135741.98310979034,0.6705750824324049,171246.53907823443,0.7708904468993378,0.209678437706179,5.102525063755682,212631.19465341917,0.7280948654412231,0.004043433366697698,11.257736514584792,0.35956626896666327,381.1197493187676,0.6399555028485502,30.405085396883376,15.722854991552767,15.361774582522791,-11.028830097855236,0.1975964371982297,0.7030845441926833,-0.3142346843639371
,,,0.8420740513272735,0.040678749658663554,0.04545406328293988,0.9749042591573618,8.195622117364362,756.3515698886392,0.6482461721365393,6459229.160167893,0.6685753378839613,0.8814205207461372,9.633896992617283,5.08244481181731,2.584714601591103,166627.05973442295,0.7653312734443667,152189.3892593512,0.6968180173547712,0.13160473610460752,4.6802308264517185,193180.4841091556,0.796319156494536,0.004981157751550719,3.7736363630392087,1.2018320171672094,340.42382364537616,0.6197962775745817,29.322112326288902,17.963128226081984,21.078940746770574,-9.592460331265226,0.17046160301883695,0.6346450612250604,-0.08356154593380843
,,,0.8149395601647507,0.022246620922582394,0.046108956505316406,0.9701592658502624,6.400302087135616,859.095554284372,0.6970798945474218,7578878.149708527,0.7000369663536221,0.7908804464397193,9.414308139541731,5.790757432451855,2.7908726765403964,128002.777045101,0.6310194901156342,157850.46523566346,0.621351879916962,0.4059569301924182,4.137172910628168,234494.8235033047,0.7816718781743461,0.0015048720886583187,3.1821368424004848,1.2736239704585661,308.44896428796636,0.7683130979229196,28.42742618501589,15.549494444508916,18.721994806626405,-10.371697286247485,0.1614609768064615,0.7376373796835296,-0.1166169882522658
,,,0.9119328564410686,0.03357166704429089,0.02790240646118134,0.9520701625826732,6.62479324498058,650.1803200982523,0.7230736842844689,7454201.81936807,0.6672326281960969,0.8537166645678284,9.985788918524623,5.95203463124575,2.215744110156923,125511.53498803206,0.6865947801701322,127216.74132556371,0.7258793817399347,0.2579690478259091,5.656315397074014,215534.71387136698,0.7477716508455671,0.0025018126449788567,8.994118015300934,0.6387993267234628,329.1648932743131,0.7357336532817982,28.35476119841428,16.901721255043913,24.60575410737037,-10.095110292058278,0.14157114258531484,0.7195816508447769,-0.18747398748620336
,,,0.8304459556134359,0.04268184538540265,0.03239774375140674,0.9844512348190918,7.592779147937532,475.5704758619223,0.655540061298189,7056974.377596314,0.656704777624657,0.7262603494342509,6.830886089923647,5.430192453389203,2.316751862958904,171447.02322612255,0.7865497815148716,117618.48431746963,0.6253231719657106,0.46416652468915265,5.204557810777782,218549.65011606584,0.6068860471193737,0.003756678909119081,5.264053508853269,0.9452410807298088,210.45673489593815,0.6054525303610379,27.214451522390696,17.766343473625867,26.11512608512838,-11.911820744582903,0.25878256301378166,0.6526502682746539,-0.0930763881227738
,,,0.8121222585876958,0.047859083060471555,0.04871152324451358,0.9794899473041129,5.393213391539828,447.8734884840971,0.6128861086076095,7543458.988065992,0.6624248665688831,0.6522708373508388,6.4658855404226845,2.9178998231503135,2.6530323453696165,143267.74197062073,0.6182137108031482,151508.26545078307,0.6510197608006333,0.18214845712496514,4.627045671544058,236128.34131094048,0.6443525062780022,0.0028929311500015755,5.047668907572593,1.6504631468950353,395.2172813043887,0.7393788366683035,31.61339412194,17.199888465514814,18.31676835540648,-10.393023949635609,0.2997515479043795,0.6999820657943613,-0.01651082931654313
,,,0.9388458271341857,0.02647148509054661,0.02075476370407214,0.9603691997433896,7.672058641937064,725.4133538270128,0.7378541913570358,6560097.408255044,0.713347687652307,0.7119292972341805,6.9566443685086625,4.667598086938244,2.68582952409861,137450.86209192636,0.6760455586723542,141872.4113330145,0.7013174140969998,0.3782128547183712,5.70808388753518,178146.59335733842,0.6113852720511235,0.0038502628785635276,6.336277096036576,0.858709736119736,375.5970012279263,0.7656735333508531,28.894378888920794,17.297170852247874,19.932946016125115,-11.715224706338988,0.2621694358019693,0.728475410313905,-0.0795607608727138
,,,0.8191724308874995,0.034677474090239094,0.0406949085354991,0.9765973979365339,6.076576332104754,773.2389555258037,0.6018812961917488,6770651.376989184,0.6343419437532601,0.6949103868931782,5.247175630939087,5.143266670719425,2.067173433766961,152440.08494143555,0.7627860287339077,143327.49217525526,0.7605529283471414,0.2644177782413908,4.788835728762084,189223.18027010025,0.6029292030824327,7.091502877688145e-05,5.857787661390303,1.146668530767701,378.49501353747695,0.66176342045081,27.080420290729776,15.191935008824233,20.86813979827587,-9.803723237189686,0.15907359971579513,0.768059799884417,-0.22661286816776133
,,,0.8740355681429002,0.028364579472705678,0.030185316397412544,0.9743600762148726,9.409148295792964,401.3625056509198,0.795494301223039,7498410.19727675,0.7692626145079293,0.7469554612207411,6.549581947264854,4.321239329165298,1.9579471587787574,120751.20693163817,0.6975041671644366,132273.57119890818,0.6655961618081933,0.4572877905651974,5.549138837822344,210351.5310672223,0.7784437861028106,0.002587635026449295,4.784247309761467,1.846120456912158,352.0225252509922,0.7985369723639102,29.61806549020912,16.7361811534695,22.26852601721168,-9.01881800360528,0.12435682623526786,0.755560075604595,-0.16886973868137797
,,,0.9064502820185004,0.02869182326049509,0.049599945044330435,0.9836177075608236,7.951387583477823,788.8756307181619,0.7030511962115032,6424796.670661394,0.788347758242769,0.8353999124139838,7.873223791409229,5.653569533528874,2.3973585723298374,156177.5647710232,0.6397704388406347,125073.03706338839,0.7439196577311296,0.4145832085486233,4.320002113077292,208817.88569901537,0.7112811718424368,0.003215625378634281,3.58787533163774,1.0002737375045314,388.74526710607415,0.731097909677104,29.940656780790547,17.221111474604758,15.071530205469925,-9.658898656537252,0.1728446321497277,0.7489798140334638,-0.03356892233011799
,,,0.8758086292930922,0.04487757156316024,0.02695702780695426,0.9665125681797817,7.323158299128901,764.707623923876,0.6860523088734722,7156982.34230905,0.688891800034231,0.6754491287628605,7.608777291412344,4.275775364913793,1.9048414064704267,118797.65635633041,0.6672719390843088,115746.07568479482,0.6129035256517343,0.19185019161462086,4.2381568321538685,247888.68653074815,0.7856164393909719,0.004733749496168138,4.883185285188582,1.8920326100688591,200.39890481541346,0.6281351566037929,30.335562199925757,16.586266636313375,26.85194434406174,-11.141293341191698,0.29000852656367815,0.7589187985097869,-0.28652767172142846
,,,0.8238290996197764,0.04387104311693811,0.038054117420120145,0.9615311408464421,5.618121804361362,528.781151969857,0.6426829888018871,6904919.2664476335,0.7767522342659163,0.8879537686067653,8.36681806619579,6.0018343648424715,1.834192606285689,139410.3748173949,0.7303507778781253,136993.47429523125,0.6864486346357729,0.42493883400790455,4.552568350682186,174732.24047640103,0.6888860042034154,0.00019463598962904142,10.65884592274346,1.053748526725375,281.45329790227606,0.6023726239821086,27.779100407406542,16.08129761954771,25.280536970391495,-9.501730669244434,0.19208004689451508,0.7632440614997283,-0.2536325892081577
,,,0.8699144302518924,0.03669294661505651,0.042563609001487666,0.9830160467728812,9.381030329912333,895.8585212243316,0.6833894202156374,7219160.428155974,0.6817120774097586,0.8279968177586914,9.589581210139858,6.3547329676249475,2.035994278048728,151081.7156643349,0.7090087279272771,119667.07891120766,0.7337318921993589,0.4472392865141588,5.996159267863572,170799.0079953874,0.790048093556435,0.004175726135735915,8.570840242239884,1.3941626507780644,358.005403974535,0.6087469319763895,29.251021291647813,17.84901558288626,23.872131169633985,-9.179439302790826,0.10901141991505024,0.7674359455641285,-0.05826361649034317
,,,0.9279409867182128,0.030532693468592706,0.04105377906398277,0.9709654696884933,6.213503813668055,716.74192116615,0.7520381558161022,6311900.067595449,0.6386331351337046,0.7620937949524133,8.205778819701987,6.688583134425181,2.2682992766040737,154448.57597560977,0.7968148695731108,116413.73620103447,0.6282840982705973,0.31758698031878163,4.720625731812297,201461.4657268267,0.750195367022374,0.0030736091219301267,7.499751117449589,1.283761366231082,360.1735887143143,0.6973837980714528,31.312784973699348,17.670062842667665,26.38527729152409,-9.358021383379045,0.20206960515929984,0.6959663769426567,-0.007325835526553859
,,,0.830998565336028,0.04410787868809705,0.021775541261194294,0.9657232184621269,9.246865163699638,738.0426115437845,0.7696115601242002,7371712.507034134,0.7250552242997854,0.6971592184615601,8.914065333923366,3.7548703627933,2.3595703575512275,168793.11355361002,0.7173615393507102,149372.48117393669,0.7819515064239922,0.14769312393852244,5.51735435183143,243216.72143435135,0.6941533054880397,0.001717499351775196,8.082373304791476,0.31655058034138617,213.3939119031826,0.7133918746646208,29.473899206315625,15.379299748283685,23.254404681299462,-9.968886721051778,0.2200598447930252,0.7131761588401601,-0.32950510640133934
,,,0.9181302104522172,0.02328065493857455,0.02342939759124339,0.9719329736248258,9.893857823958603,496.59155544600134,0.6796289726691083,6783420.9777079355,0.6200482797412025,0.8152696629142044,7.971663193670203,4.584350803184867,1.8648646343243143,117118.65012147758,0.62190627177432,162345.3563107521,0.7108086573145933,0.16009174032034096,4.392391541147524,221515.5729652375,0.6662602951659204,0.0005214125279404822,3.130856376842247,1.689676418803617,364.71671869850127,0.6738762413608846,27.63968879782249,15.247929706651501,21.44317218619677,-10.278958508298476,0.17705818514490418,0.7948409733677091,-0.3542487444431617
,,,0.8413597048010072,0.043380843501745814,0.04387289587288143,0.9869437274312239,9.018583205556535,693.9805484067894,0.7589612521233758,6539013.383819901,0.642075749457059,0.7175827325519464,9.843728164824462,4.985485385923395,2.2942134078083067,164698.97119891705,0.7691842620401558,131524.54629028862,0.6380528799033113,0.32987136296230163,4.913488765718348,172732.51149621425,0.7757948196729567,0.0015407714231823733,6.848045591201975,0.7571326277890351,370.5882806650355,0.6333365456475046,27.326292424763214,15.14258325226407,21.822457276952715,-9.704077816012779,0.13005612327790347,0.7444615994331234,-0.3701631468061173
,,,0.8051560313278775,0.03965179171582352,0.04742246261646298,0.9761512872651894,8.897799342373823,665.1363338392865,0.6581713654973363,7124576.149676502,0.7224230379574359,0.8125236973769018,8.140354862081368,5.275131461072431,2.7590809858669525,169943.52617857893,0.74205971798157,155184.52325957493,0.7994884242549863,0.11928837754844847,5.443731495388879,185127.8598707029,0.659608982492385,0.002029843702158454,4.261459475439518,0.8136045214656547,245.85708947729736,0.7404294444738027,30.03754986220207,15.880335776395954,22.572484361350956,-11.358722229592878,0.14629259699192498,0.6136272371654273,-0.015198069037859308
,,,0.936129544841328,0.04928669756232748,0.04915383742164588,0.9648520578264294,5.099428798576106,628.0304552467588,0.6741185781081406,7292323.381587578,0.7198514819760072,0.6607477465927848,6.7136966634544235,3.7307828312511546,2.4770857726569577,144548.75159896302,0.7046614817020528,133756.81165900116,0.6091557480666303,0.21484105411220575,4.269551121156744,219486.95818502764,0.6155028681462358,0.0011144878429182273,11.461665454038462,0.23494063997458497,261.98127058773565,0.7245825149541019,31.14977565636069,17.566943748518668,24.175425999503698,-11.052452599851645,0.23970300677222123,0.7073918867732504,-0.2742579156414702
,,,0.9334043848749635,0.04941969529929155,0.0334699476686513,0.9890869376439436,5.55556171546824,533.7365029637299,0.7053910803904178,7590551.8454945125,0.650357883212373,0.8905191969305546,5.050677004071779,3.3972614176079245,1.9987288776690448,148170.42882319647,0.735910851251302,160407.01801774808,0.6163449966852158,0.10325731438773701,4.998396667585683,207731.9428731394,0.6232056672436345,0.0024125264283131175,7.7629018813612065,1.341778269923104,317.7107671521338,0.6481337519422444,30.8343115516417,16.83184503614329,19.018440608586978,-11.441592343013394,0.23058138249300245,0.6494706321842364,-0.29056145499824027
,,,0.8000793448610736,0.020280715677580496,0.03071502402785664,0.9556939807191012,5.8170142740177155,453.881214567685,0.7260820821345662,6488120.904739326,0.6058846902375126,0.8456178624529975,7.112654531119638,2.9902442810304746,1.7896520602077168,156582.61285901378,0.71243169821986,130946.09330438417,0.607746262446632,0.3512735731502852,5.027141893656727,237372.96596774773,0.7157737124290612,0.00031246857349743936,11.72790028434078,1.471634986351676,351.8240788419463,0.6938809963413151,31.824190577259174,15.695390063666386,23.527677196384985,-11.217837757350049,0.25365894321011995,0.6863643815221425,-0.30535262007342523
,,,0.9031198847268281,0.041387972680194535,0.037974101400525845,0.9698285332815555,8.03161048879409,610.95690116058,0.7506215327978538,7089984.627263494,0.7742936065035908,0.7705051412324563,9.047662045631053,5.845500719284873,1.7867538605716173,133963.50302263914,0.7237277765586175,139644.24645168107,0.6895127853981129,0.36035344092753563,5.742822456184984,167413.78399588508,0.7683939785667177,0.00399577222767663,10.744062545383219,0.42747310126227434,272.85894050048626,0.7798177907794119,31.539850202880398,16.032036982267478,20.714168292057682,-10.204033252518736,0.10372140470853228,0.6180150937748985,-0.3436672323499482
