index,base,min,max,name
0,,,,T_oa
1,,,,RH_oa
2,,,,P_oa
3,0.86,0.80,0.94,UPS_e
4,0.03,0.02,0.05,PD_lr
5,0.03,0.02,0.05,L_percentage
6,0.97,0.95,0.99,SHR
7,7.0,5,10,delta_T_air
8,600,400,900,Fan_Pressure_CRAC
9,0.70,0.60,0.80,Fan_e_CRAC
10,7000000,6300000,7700000,Pump_Pressure_HD
11,0.70,0.60,0.80,Pump_e_HD
12,0.70,0.65,0.80,HTE
13,7.0,5,10,delta_T_water
14,150000,114900,172400,Pump_Pressure_CW
15,0.70,0.60,0.80,Pump_e_CW
16,0.30,0.1,0.5,Chiller_load
17,0.0,-0.40,0.25,pcop
18,29,27,32,T_up
19,16,15,18,T_lw
20,20,15,27,dp_up
21,-10,-12,-9,dp_lw
22,0.20,0.10,0.30,RH_up
23,0.70,0.60,0.80,RH_lw
